{"cameraMode":{"drawMode":2,"name":"Shaded Wireframe","section":"Shading Mode"},"sceneLighting":true,"audioPlay":false,"sceneViewState":{"showFog":true,"showMaterialUpdate":false,"showSkybox":true,"showFlares":true,"showImageEffects":true,"showParticleSystems":true},"in2DMode":false,"pivot":{"x":82.1684341430664,"y":-25.954971313476564,"z":60.593109130859378},"rotation":{"x":-0.15331685543060304,"y":-0.4711158871650696,"z":0.08354461193084717,"w":-0.8646240234375},"size":138.4084014892578,"orthographic":false}