{"cameraMode":{"drawMode":2,"name":"Shaded Wireframe","section":"Shading Mode"},"sceneLighting":true,"audioPlay":false,"sceneViewState":{"showFog":true,"showMaterialUpdate":false,"showSkybox":true,"showFlares":true,"showImageEffects":true,"showParticleSystems":true},"in2DMode":false,"pivot":{"x":143.942626953125,"y":-101.55024719238281,"z":82.185546875},"rotation":{"x":0.2706811726093292,"y":0.5098408460617065,"z":-0.17292849719524384,"w":0.798058807849884},"size":276.7964782714844,"orthographic":false}